{
	"format_version": "1.21.11",
	"credit": "Made with Blockbench",
	"textures": {
		"1": "c.coffees:item/outline",
		"2": "c.coffees:item/american",
		"particle": "c.coffees:item/american"
	},
	"elements": [
		{
			"from": [6, 6, 4],
			"to": [10, 10, 8],
			"light_emission": 15,
			"rotation": {"angle": 0, "axis": "y", "origin": [8, 8, 7.5]},
			"faces": {
				"north": {"uv": [0, 0, 4, 4], "texture": "#2"},
				"east": {"uv": [0, 4, 4, 8], "texture": "#2"},
				"south": {"uv": [4, 0, 8, 4], "texture": "#2"},
				"west": {"uv": [4, 4, 8, 8], "texture": "#2"},
				"up": {"uv": [4, 12, 0, 8], "texture": "#2"},
				"down": {"uv": [12, 0, 8, 4], "texture": "#2"}
			}
		},
		{
			"from": [7.5, 7, 8],
			"to": [8.5, 9, 10],
			"light_emission": 15,
			"rotation": {"angle": 0, "axis": "y", "origin": [8, 8, 7.5]},
			"faces": {
				"south": {"uv": [6, 8, 7, 10], "texture": "#2"},
				"up": {"uv": [9, 8, 8, 6], "texture": "#2"},
				"down": {"uv": [8, 8, 7, 10], "texture": "#2"}
			}
		},
		{
			"from": [7.5, 9, 8],
			"to": [8.5, 7, 10],
			"light_emission": 15,
			"rotation": {"angle": 0, "axis": "y", "origin": [8, 8, 7.5]},
			"faces": {
				"south": {"uv": [4, 8, 5, 10], "texture": "#2"},
				"up": {"uv": [9, 6, 8, 4], "texture": "#2"},
				"down": {"uv": [6, 8, 5, 10], "texture": "#2"}
			}
		},
		{
			"from": [5.75, 10.25, 3.75],
			"to": [10.25, 5.75, 8.25],
			"shade": false,
			"light_emission": 15,
			"rotation": {"angle": 0, "axis": "y", "origin": [8, 12.5, 7.5]},
			"faces": {
				"north": {"uv": [0, 0, 2.5, 2.5], "texture": "#1", "tintindex": 0},
				"east": {"uv": [0, 2.5, 2.5, 5], "texture": "#1", "tintindex": 0},
				"south": {"uv": [2.5, 0, 5, 2.5], "texture": "#1", "tintindex": 0},
				"west": {"uv": [2.5, 2.5, 5, 5], "texture": "#1", "tintindex": 0},
				"up": {"uv": [2.5, 7.5, 0, 5], "texture": "#1", "tintindex": 0},
				"down": {"uv": [7.5, 0, 5, 2.5], "texture": "#1", "tintindex": 0}
			}
		},
		{
			"from": [7.25, 9.25, 8.25],
			"to": [8.75, 6.75, 10.25],
			"shade": false,
			"light_emission": 15,
			"rotation": {"angle": 0, "axis": "y", "origin": [8, 12.5, 12]},
			"faces": {
				"east": {"uv": [7, 2.5, 8, 4], "texture": "#1", "tintindex": 0},
				"south": {"uv": [4.5, 7, 5.5, 8.5], "texture": "#1", "tintindex": 0},
				"west": {"uv": [5.5, 7, 6.5, 8.5], "texture": "#1", "tintindex": 0},
				"up": {"uv": [1, 8.5, 0, 7.5], "texture": "#1", "tintindex": 0},
				"down": {"uv": [8.5, 0, 7.5, 1], "texture": "#1", "tintindex": 0}
			}
		}
	],
	"gui_light": "front",
	"display": {
		"firstperson_righthand": {
			"rotation": [-14.57, 26.81, 30],
			"translation": [0, 2.5, 0],
			"scale": [0.98828, 0.98828, 0.98828]
		},
		"gui": {
			"rotation": [-160.5, -59.25, -180],
			"translation": [-3, 0.5, 0],
			"scale": [2.28516, 2.28516, 2.28516]
		}
	},
	"groups": [
		{
			"name": "group",
			"origin": [8, 2, 9.5],
			"color": 0,
			"children": [0, 1, 2]
		},
		3,
		4
	]
}