{
	"format_version": "1.21.11",
	"credit": "Made with Blockbench",
	"texture_size": [32, 32],
	"textures": {
		"0": "c.coffees:item/capuccino",
		"1": "c.coffees:item/outline",
		"particle": "c.coffees:item/american"
	},
	"elements": [
		{
			"from": [7, 2, 11.25],
			"to": [9, 6.5, 13],
			"shade": false,
			"light_emission": 15,
			"rotation": {"angle": 0, "axis": "y", "origin": [9.5, 9.5, 13.5]},
			"faces": {
				"south": {"uv": [9, 11, 10, 13.25], "texture": "#0"},
				"up": {"uv": [10, 5.875, 9, 5], "texture": "#0"},
				"down": {"uv": [11, 5, 10, 5.875], "texture": "#0"}
			}
		},
		{
			"from": [7, 6.5, 11.25],
			"to": [9, 2, 13],
			"shade": false,
			"light_emission": 15,
			"rotation": {"angle": 0, "axis": "y", "origin": [9.5, 14, 13.5]},
			"faces": {
				"south": {"uv": [11.5, 0, 12.5, 2.25], "texture": "#0"},
				"up": {"uv": [12.5, 3.375, 11.5, 2.5], "texture": "#0"},
				"down": {"uv": [12.5, 3.5, 11.5, 4.375], "texture": "#0"}
			}
		},
		{
			"from": [5.75, 5.75, 6.25],
			"to": [10.25, 8.25, 10.75],
			"shade": false,
			"light_emission": 15,
			"rotation": {"angle": 0, "axis": "y", "origin": [8, 2.5, 8.5]},
			"faces": {
				"north": {"uv": [1.5, 10.5, 4, 12], "texture": "#0"},
				"east": {"uv": [4, 11, 6.5, 12.5], "texture": "#0"},
				"south": {"uv": [11, 5, 13.5, 6.5], "texture": "#0"},
				"west": {"uv": [6.5, 11, 9, 12.5], "texture": "#0"},
				"up": {"uv": [8.5, 8.5, 6, 6], "texture": "#0"},
				"down": {"uv": [2.5, 8, 0, 10.5], "texture": "#0"}
			}
		},
		{
			"from": [5.75, 5.74, 6.25],
			"to": [10.25, 0.99, 10.75],
			"shade": false,
			"light_emission": 15,
			"rotation": {"angle": 0, "axis": "y", "origin": [8, 4.75, 8.5]},
			"faces": {
				"north": {"uv": [2.5, 8, 5, 10.5], "texture": "#0"},
				"east": {"uv": [5, 8.5, 7.5, 11], "texture": "#0"},
				"south": {"uv": [8.5, 6, 11, 8.5], "texture": "#0"},
				"west": {"uv": [7.5, 8.5, 10, 11], "texture": "#0"},
				"up": {"uv": [11.5, 2.5, 9, 0], "texture": "#0"},
				"down": {"uv": [11.5, 2.5, 9, 5], "texture": "#0"}
			}
		},
		{
			"from": [5.25, 7.75, 5.75],
			"to": [10.75, 0.25, 11.25],
			"shade": false,
			"light_emission": 15,
			"rotation": {"angle": 0, "axis": "y", "origin": [8.75, 2.25, 5.75]},
			"faces": {
				"north": {"uv": [0, 0, 3, 4], "texture": "#0"},
				"east": {"uv": [3, 0, 6, 4], "texture": "#0"},
				"south": {"uv": [0, 4, 3, 8], "texture": "#0"},
				"west": {"uv": [3, 4, 6, 8], "texture": "#0"},
				"up": {"uv": [9, 3, 6, 0], "texture": "#0"},
				"down": {"uv": [9, 3, 6, 6], "texture": "#0"}
			}
		},
		{
			"from": [5.25, 7.75, 5.75],
			"to": [10.75, 0.25, 11.25],
			"shade": false,
			"light_emission": 15,
			"rotation": {"angle": 0, "axis": "y", "origin": [8.75, 2.25, 5.75]},
			"faces": {
				"north": {"uv": [0, 0, 3, 4], "texture": "#0"},
				"east": {"uv": [3, 0, 6, 4], "texture": "#0"},
				"south": {"uv": [0, 4, 3, 8], "texture": "#0"},
				"west": {"uv": [3, 4, 6, 8], "texture": "#0"},
				"up": {"uv": [9, 3, 6, 0], "texture": "#0"},
				"down": {"uv": [9, 3, 6, 6], "texture": "#0"}
			}
		},
		{
			"from": [6.75, 7, 12.25],
			"to": [9.25, 1.5, 13.25],
			"shade": false,
			"light_emission": 15,
			"rotation": {"angle": 0, "axis": "y", "origin": [8.75, 2.25, 11.25]},
			"faces": {
				"north": {"uv": [10, 8.5, 11.5, 11.5], "texture": "#0"},
				"east": {"uv": [11.5, 6.5, 12, 9.5], "texture": "#0"},
				"south": {"uv": [0, 10.5, 1.5, 13.5], "texture": "#0"},
				"west": {"uv": [11.5, 9.5, 12, 12.5], "texture": "#0"},
				"up": {"uv": [13, 5, 11.5, 4.5], "texture": "#0"},
				"down": {"uv": [11.5, 11.5, 10, 12], "texture": "#0"}
			}
		},
		{
			"from": [6.75, 7, 11.25],
			"to": [9.25, 6, 12.25],
			"shade": false,
			"light_emission": 15,
			"rotation": {"angle": 0, "axis": "y", "origin": [8.75, 2.5, 10.25]},
			"faces": {
				"east": {"uv": [5, 8, 5.5, 8.5], "texture": "#0"},
				"west": {"uv": [5.5, 8, 6, 8.5], "texture": "#0"},
				"up": {"uv": [3, 12.5, 1.5, 12], "texture": "#0"},
				"down": {"uv": [13.5, 6.5, 12, 7], "texture": "#0"}
			}
		},
		{
			"from": [6.75, 2.5, 11.25],
			"to": [9.25, 1.5, 12.25],
			"shade": false,
			"light_emission": 15,
			"rotation": {"angle": 0, "axis": "y", "origin": [8.75, -2, 10.25]},
			"faces": {
				"east": {"uv": [4, 10.5, 4.5, 11], "texture": "#0"},
				"west": {"uv": [4.5, 10.5, 5, 11], "texture": "#0"},
				"up": {"uv": [13.5, 7.5, 12, 7], "texture": "#0"},
				"down": {"uv": [13.5, 7.5, 12, 8], "texture": "#0"}
			}
		},
		{
			"from": [5, 8, 5.5],
			"to": [11, 0, 11.5],
			"shade": false,
			"light_emission": 15,
			"rotation": {"angle": 0, "axis": "y", "origin": [5, 2, 5.5]},
			"faces": {
				"north": {"uv": [0, 0, 3, 4], "texture": "#1", "tintindex": 0},
				"east": {"uv": [3, 0, 6, 4], "texture": "#1", "tintindex": 0},
				"south": {"uv": [0, 4, 3, 8], "texture": "#1", "tintindex": 0},
				"west": {"uv": [3, 4, 6, 8], "texture": "#1", "tintindex": 0},
				"up": {"uv": [9, 3, 6, 0], "texture": "#1", "tintindex": 0},
				"down": {"uv": [9, 3, 6, 6], "texture": "#1", "tintindex": 0}
			}
		},
		{
			"from": [5.5, 8.75, 6],
			"to": [10.5, 8, 11],
			"shade": false,
			"light_emission": 15,
			"rotation": {"angle": 0, "axis": "y", "origin": [5, 10, 5.5]},
			"faces": {
				"north": {"uv": [8.5, 6, 11, 6.5], "texture": "#1", "tintindex": 0},
				"east": {"uv": [6.5, 8.5, 9, 9], "texture": "#1", "tintindex": 0},
				"south": {"uv": [8.5, 6.5, 11, 7], "texture": "#1", "tintindex": 0},
				"west": {"uv": [8.5, 7, 11, 7.5], "texture": "#1", "tintindex": 0},
				"down": {"uv": [8.5, 6, 6, 8.5], "texture": "#1", "tintindex": 0}
			}
		},
		{
			"from": [6.5, 7.25, 11.5],
			"to": [9.5, 1.25, 13.5],
			"shade": false,
			"light_emission": 15,
			"rotation": {"angle": 0, "axis": "y", "origin": [5, 5.25, 11.5]},
			"faces": {
				"east": {"uv": [1.5, 8, 2.5, 11], "texture": "#1", "tintindex": 0},
				"south": {"uv": [0, 8, 1.5, 11], "texture": "#1", "tintindex": 0},
				"west": {"uv": [2.5, 8, 3.5, 11], "texture": "#1", "tintindex": 0},
				"up": {"uv": [5, 9, 3.5, 8], "texture": "#1", "tintindex": 0},
				"down": {"uv": [6.5, 8.5, 5, 9.5], "texture": "#1", "tintindex": 0}
			}
		}
	],
	"gui_light": "front",
	"display": {
		"thirdperson_righthand": {
			"translation": [0.5, 1.5, -2.5],
			"scale": [0.64453, 0.64453, 0.64453]
		},
		"firstperson_righthand": {
			"rotation": [1, 46, -5.75],
			"translation": [-2.25, 7.25, 0],
			"scale": [0.82227, 0.82227, 0.82227]
		},
		"ground": {
			"translation": [0, 2.75, 0],
			"scale": [0.59961, 0.59961, 0.59961]
		},
		"gui": {
			"rotation": [-168.8, 75.17, -173.06],
			"translation": [-1.25, 5, 0],
			"scale": [1.44531, 1.44531, 1.44531]
		},
		"fixed": {
			"rotation": [0, 90, 0],
			"translation": [-0.75, 4.25, -2.25]
		},
		"on_shelf": {
			"rotation": [0, -90, 0]
		}
	},
	"groups": [
		{
			"name": "hang",
			"origin": [9.5, 9.5, 13.5],
			"color": 0,
			"children": [0, 1]
		},
		{
			"name": "coffee",
			"origin": [8, 2.5, 8.5],
			"color": 0,
			"children": [2, 3]
		},
		4,
		5,
		6,
		7,
		8,
		9,
		10,
		11
	]
}